run_label,source,final_cumulative_time_sec,best_cumulative_time_sec,sum_cumulative_time_sec,total_time_sec
SFLV2_Projected-CF10-01-200EP-10WP-3RB-0-01LR-4096FM_Original.csv,SFLV2_Projected-CF10-01-200EP-10WP-3RB-0-01LR-4096FM_Original.csv,14436.297850834206,14436.297850834206,1454000.8968454823,14436.297850834206
SFLV2-CF10-01-200EP-0-01LR_Original.csv,SFLV2-CF10-01-200EP-0-01LR_Original.csv,9512.87058147788,9512.87058147788,958052.598318452,9512.87058147788
