run_label,source,final_acc_test,best_acc_test,sum_acc_test,total_time_sec
SFLV2_Projected-CF10-01-200EP-10WP-3RB-0-01LR-4096FM_Original.csv,SFLV2_Projected-CF10-01-200EP-10WP-3RB-0-01LR-4096FM_Original.csv,79.36119346618652,80.12762641906738,10730.543831312656,14436.297850834206
SFLV2-CF10-01-200EP-0-01LR_Original.csv,SFLV2-CF10-01-200EP-0-01LR_Original.csv,73.18393058776856,77.48653011322021,12264.446713852882,9512.87058147788
