run_label,source,final_mean_FgT_loss,best_mean_FgT_loss,sum_mean_FgT_loss,total_time_sec,AUPF
SFLV2-CF10-01-200EP-0-01LR_Original.csv,SFLV2-CF10-01-200EP-0-01LR_Original.csv,-0.2695048741958848,-1.7925343364477158,-113.93265187095056,9512.87058147788,1.7753748068806978
SFLV2_Projected-CF10-01-200EP-10WP-3RB-0-01LR-4096FM_Original.csv,SFLV2_Projected-CF10-01-200EP-10WP-3RB-0-01LR-4096FM_Original.csv,-0.4866483118665877,-0.6553967692414109,-88.63159617118032,14436.297850834206,1.7042492760700678
