run_label,source,final_acc_test,best_acc_test,sum_acc_test,total_time_sec
Centralize Baseline - CIFAR-10.csv,Centralize Baseline - CIFAR-10.csv,90.36,90.98,8629.95,730.6849652575329
SFLV2 + Projected - CIFAR-10 α=0.5.csv,SFLV2 + Projected - CIFAR-10 α=0.5.csv,90.88395729064942,90.88395729064942,7948.084585642815,7528.329755225219
SFLV2 - CIFAR-10 α=0.5.csv,SFLV2 - CIFAR-10 α=0.5.csv,89.3622034072876,89.49555530548096,8129.363210177422,4584.282952378504
FL - CIFAR-10 α=0.5.csv,FL - CIFAR-10 α=0.5.csv,88.53,89.36,8315.47,6190.563349258155
SL + Projected on CIFAR-10 α=0.5.csv,SL + Projected on CIFAR-10 α=0.5.csv,79.23760757446288,80.01414318084717,7485.99170832634,6983.174652989022
FOT - CIFAR-10 α=0.5.csv,FOT - CIFAR-10 α=0.5.csv,78.66,78.77,7269.49,5262.183090686798
SL - CIFAR-10 α=0.1.csv,SL - CIFAR-10 α=0.1.csv,37.9488820552826,40.38860449790955,3324.879105162621,6160.587600706145
