run_label,source,final_acc_test,best_acc_test,sum_acc_test,total_time_sec
Centralize Baseline - CIFAR-10.csv,Centralize Baseline - CIFAR-10.csv,87.08,87.27,16237.2,1411.7266572080553
SFLV2 - CIFAR-10 α=0.5.csv,SFLV2 - CIFAR-10 α=0.5.csv,83.08088626861573,83.36947708129883,14436.849725580216,10601.228113482706
FL - CIFAR-10 α=0.5.csv,FL - CIFAR-10 α=0.5.csv,82.6,82.72,14727.17,9635.261958368123
SFLV2 + Projected - CIFAR-10 α=0.5.csv,SFLV2 + Projected - CIFAR-10 α=0.5.csv,81.05367736816406,81.05367736816406,13258.05056117773,15423.982418760657
SL - CIFAR-10 α=0.5.csv,SL - CIFAR-10 α=0.5.csv,72.2548490524292,73.27215805053712,13805.008406543731,12684.249085421674
FOT - CIFAR-10 α=0.5.csv,FOT - CIFAR-10 α=0.5.csv,71.78999999999999,72.16,13282.56,11468.813886404037
SL + Projected on CIFAR-10 α=0.5.csv,SL + Projected on CIFAR-10 α=0.5.csv,70.034010887146,71.8177532196045,13657.383807516098,16210.337666179053
