run_label,source,final_acc_test,best_acc_test,sum_acc_test,total_time_sec
Centralize Baseline - CIFAR-10.csv,Centralize Baseline - CIFAR-10.csv,72.11,72.57,11771.97,1448.1001586634666
FL - CIFAR-10 α=0.1.csv,FL - CIFAR-10 α=0.1.csv,51.62,51.73,8178.73,9220.115231858566
FOT - CIFAR-10 α=0.1.csv,FOT - CIFAR-10 α=0.1.csv,45.53,45.77,7947.25,9926.764654636383
SFLV2 - CIFAR-10 α=0.1.csv,SFLV2 - CIFAR-10 α=0.1.csv,34.019396495819095,35.27007012367248,5856.396814656257,9570.813126314431
SL - CIFAR-10 α=0.1.csv,SL - CIFAR-10 α=0.1.csv,32.121497821807864,33.089641666412355,5803.221977233887,12872.743621051311
SL + Projected on CIFAR-10 α=0.1.csv,SL + Projected on CIFAR-10 α=0.1.csv,31.352033853530884,32.432650852203366,5703.702176296711,14525.61016562581
SFLV2 + Projected - CIFAR-10 α=0.1.csv,SFLV2 + Projected - CIFAR-10 α=0.1.csv,23.678946495056152,24.57266969680786,3988.5772444605827,15124.218142360449
