run_label,source,final_acc_test,best_acc_test,sum_acc_test,total_time_sec
Centralize Baseline - CIFAR-10.csv,Centralize Baseline - CIFAR-10.csv,87.08,87.27,16237.2,1411.7266572080553
SFLV2 - CIFAR-10 α=0.1.csv,SFLV2 - CIFAR-10 α=0.1.csv,56.079269886016846,58.39540672302246,9236.623440647125,9819.689401967451
SFLV2 + Projected - CIFAR-10 α=0.1.csv,SFLV2 + Projected - CIFAR-10 α=0.1.csv,57.573073863983154,58.1229793548584,8493.41930756569,13574.806266508996
SL - CIFAR-10 α=0.1.csv,SL - CIFAR-10 α=0.1.csv,38.52572727203369,39.31741633415222,7119.705678319931,13085.814437923953
SL + Projected on CIFAR-10 α=0.1.csv,SL + Projected on CIFAR-10 α=0.1.csv,37.21174559593201,38.81701231002808,7007.045723032951,15586.637484030798
