run_label,source,final_acc_test,best_acc_test,sum_acc_test,total_time_sec
Centralize Baseline - CIFAR-100.csv,Centralize Baseline - CIFAR-100.csv,59.98,60.12,9992.56,1434.089559786953
SFLV2 + Projected - CIFAR-100 α=0.5.csv,SFLV2 + Projected - CIFAR-100 α=0.5.csv,56.40355606079102,56.54532613754272,7991.678334341943,15377.416109374724
SFLV2 - CIFAR-100 α=0.5.csv,SFLV2 - CIFAR-100 α=0.5.csv,54.496901988983154,54.64709043502808,8066.334852991253,10935.269820739515
SL + Projected on CIFAR-100 α=0.5.csv,SL + Projected on CIFAR-100 α=0.5.csv,45.22662982940674,45.72164602279664,8173.865156903863,14220.437718661502
SL - CIFAR-100 α=0.5.csv,SL - CIFAR-100 α=0.5.csv,44.1069504737854,45.51623115539551,8137.024845516682,13842.808748151176
