run_label,source,final_acc_test,best_acc_test,sum_acc_test,total_time_sec
SFLV2 + Projected - CIFAR-100 α=0.5.csv,SFLV2 + Projected - CIFAR-100 α=0.5.csv,71.10250549316406,71.10250549316406,12408.485634677858,13789.546794254333
Centralize Baseline - CIFAR-100.csv,Centralize Baseline - CIFAR-100.csv,67.28,69.96,12682.35,1488.9920846261084
SFLV2 - CIFAR-100 α=0.5.csv,SFLV2 - CIFAR-100 α=0.5.csv,66.28838882446288,66.48067073822021,11931.038168162107,10708.832911888137
FL - CIFAR-100 α=0.5.csv,FL - CIFAR-100 α=0.5.csv,65.79,65.9,11997.52,9224.167341630906
SL + Projected on CIFAR-100 α=0.5.csv,SL + Projected on CIFAR-100 α=0.5.csv,48.88402471542359,49.67908134460449,8825.566063252092,15226.962925167754
FOT - CIFAR-100 α=0.5.csv,FOT - CIFAR-100 α=0.5.csv,44.47,45.06,8422.88,10676.703352689743
SL - CIFAR-100 α=0.5.csv,SL - CIFAR-100 α=0.5.csv,42.72696657180786,44.6474271774292,8281.566197314858,13072.615041317418
