run_label,source,final_acc_test,best_acc_test,sum_acc_test,total_time_sec
Centralize Baseline - CIFAR-10.csv,Centralize Baseline - CIFAR-10.csv,90.94,91.57,17680.09,1420.4765896722674
FL - CIFAR-10 α=0.1.csv,FL - CIFAR-10 α=0.1.csv,84.33,85.59,14674.25,8989.126864559948
SFLV2 + Projected - CIFAR-10 α=0.1.csv,SFLV2 + Projected - CIFAR-10 α=0.1.csv,78.92847499847412,79.21504592895508,10696.892836761475,20676.70339315571
SFLV2 - CIFAR-10 α=0.1.csv,SFLV2 - CIFAR-10 α=0.1.csv,73.18393058776856,77.48653011322021,12264.446713852882,9678.121941100806
FOT - CIFAR-10 α=0.1.csv,FOT - CIFAR-10 α=0.1.csv,64.11,65.2,11701.04,10058.339054107666
SL + Projected on CIFAR-10 α=0.1.csv,SL + Projected on CIFAR-10 α=0.1.csv,42.429283475875856,45.532394886016846,7854.5315802335745,14744.065381694585
SL - CIFAR-10 α=0.1.csv,SL - CIFAR-10 α=0.1.csv,41.35405440330506,42.30637102127075,7323.463086342812,12954.91715654917
