run_label,source,final_acc_test,best_acc_test,sum_acc_test,total_time_sec
Centralize Baseline - CIFAR-10.csv,Centralize Baseline - CIFAR-10.csv,87.08,87.27,16237.2,1409.8231217669963
FL - CIFAR-10 α=0.1.csv,FL - CIFAR-10 α=0.1.csv,73.77,74.54,13128.93,8212.386221644818
SFLV2 - CIFAR-10 α=0.1.csv,SFLV2 - CIFAR-10 α=0.1.csv,56.079269886016846,58.39540672302246,9236.623440647125,8898.085047131914
SFLV2 + Projected - CIFAR-10 α=0.1.csv,SFLV2 + Projected - CIFAR-10 α=0.1.csv,57.573073863983154,58.1229793548584,8493.41930756569,13397.841846459662
FOT - CIFAR-10 α=0.1.csv,FOT - CIFAR-10 α=0.1.csv,54.48,55.34,10208.87,8658.977912664413
SL - CIFAR-10 α=0.1.csv,SL - CIFAR-10 α=0.1.csv,38.52572727203369,39.31741633415222,7119.705678319931,12111.839929606955
SL + Projected on CIFAR-10 α=0.1.csv,SL + Projected on CIFAR-10 α=0.1.csv,37.21174559593201,38.81701231002808,7007.045723032951,13966.883670512878
