run_label,source,final_acc_test,best_acc_test,sum_acc_test,total_time_sec
SFLV2 + Projected - CIFAR-10 α=0.5.csv,SFLV2 + Projected - CIFAR-10 α=0.5.csv,92.52491912841796,92.81788787841796,17047.72560417652,14598.110803833231
Centralize Baseline - CIFAR-10.csv,Centralize Baseline - CIFAR-10.csv,90.94,91.57,17680.09,1466.0052643232048
SFLV2 - CIFAR-10 α=0.5.csv,SFLV2 - CIFAR-10 α=0.5.csv,90.73814640045164,91.0870147705078,17145.494665408136,9917.732828645036
FL - CIFAR-10 α=0.5.csv,FL - CIFAR-10 α=0.5.csv,91.01,91.06,17254.64,9062.026688089594
SL + Projected on CIFAR-10 α=0.5.csv,SL + Projected on CIFAR-10 α=0.5.csv,77.84583797454835,79.82186126708984,15261.101815080643,15423.89609340392
FOT - CIFAR-10 α=0.5.csv,FOT - CIFAR-10 α=0.5.csv,78.53,78.96,15036.94,10055.592773199081
SL - CIFAR-10 α=0.5.csv,SL - CIFAR-10 α=0.5.csv,77.5370418548584,78.94362869262696,15071.083631801604,12938.311970705166
