run_label,source,final_acc_test,best_acc_test,sum_acc_test,total_time_sec
Centralize Baseline - CIFAR-100.csv,Centralize Baseline - CIFAR-100.csv,67.28,69.96,12682.35,1486.0545461699367
SFLV2 + Projected - CIFAR-100 α=0.1.csv,SFLV2 + Projected - CIFAR-100 α=0.1.csv,66.91406230926513,66.91406230926513,10241.316323379428,14799.490001281723
FL - CIFAR-100 α=0.1.csv,FL - CIFAR-100 α=0.1.csv,62.59,62.87,11173.99,8868.363366113976
SFLV2 - CIFAR-100 α=0.1.csv,SFLV2 - CIFAR-100 α=0.1.csv,62.777141380310056,62.777141380310056,10623.1488969177,9810.247184017673
FOT - CIFAR-100 α=0.1.csv,FOT - CIFAR-100 α=0.1.csv,41.99,42.36,7602.67,10874.903730630875
