run_label,source,final_acc_test,best_acc_test,sum_acc_test,total_time_sec
Centralize Baseline - CIFAR-10.csv,Centralize Baseline - CIFAR-10.csv,72.11,72.57,11771.97,1438.2871939241886
SL + Projected on CIFAR-10 α=0.5.csv,SL + Projected on CIFAR-10 α=0.5.csv,65.67685861587525,66.62648153305054,11997.17805440426,14672.674761909992
SL - CIFAR-10 α=0.5.csv,SL - CIFAR-10 α=0.5.csv,65.59166202545165,66.46147623062134,12096.617709732056,13448.99866859056
FOT - CIFAR-10 α=0.5.csv,FOT - CIFAR-10 α=0.5.csv,60.98,60.98,10059.9,11915.198994636536
FL - CIFAR-10 α=0.5.csv,FL - CIFAR-10 α=0.5.csv,59.9,59.9,9435.52,10496.805857479572
SFLV2 - CIFAR-10 α=0.5.csv,SFLV2 - CIFAR-10 α=0.5.csv,59.04566259384156,59.85721988677979,9072.611118757724,11238.117738591507
SFLV2 + Projected - CIFAR-10 α=0.5.csv,SFLV2 + Projected - CIFAR-10 α=0.5.csv,48.140490245819095,48.140490245819095,7245.504772758484,15835.242292148992
